accountName,accountType,industry
Wilkins Ltd,Prospect,Retail
Nelson-Cox,Customer,Education
Farley Ltd,Customer,Finance
Gilmore and Sons,Customer,Finance
Fleming PLC,Customer,Technology
Clay and Sons,Customer,Technology
"Macias, Williams and Mcdonald",Customer,Manufacturing
Howard LLC,Prospect,Technology
Baldwin-Myers,Customer,Transportation
Mckee and Sons,Prospect,Education
"Curry, Robinson and Wiley",Customer,Healthcare
"Wheeler, Molina and Callahan",Customer,Manufacturing
Brennan-Smith,Customer,Finance
"Pierce, Buchanan and Jefferson",Prospect,Finance
"Andrews, Smith and Maynard",Prospect,Finance
Waller Inc,Customer,Manufacturing
Price Inc,Prospect,Education
"Fernandez, Burns and Bailey",Prospect,Technology
Owens and Sons,Customer,Manufacturing
"Smith, Silva and Walker",Customer,Manufacturing
"Bell, Norris and Hamilton",Prospect,Manufacturing
Garner LLC,Customer,Finance
Boyd-Johnston,Prospect,Manufacturing
Juarez-Cook,Customer,Retail
"Gordon, Thompson and Smith",Prospect,Manufacturing
Carpenter PLC,Customer,Finance
Stevens and Sons,Customer,Finance
"Ray, Holloway and Brown",Prospect,Energy
Hall Inc,Customer,Technology
Flores-Mccarthy,Customer,Technology
"Baker, Rojas and Hammond",Customer,Healthcare
Everett and Sons,Customer,Energy
"Williams, Dougherty and Anderson",Customer,Finance
Smith-Smith,Customer,Retail
Ibarra-Edwards,Customer,Healthcare
"Miller, Lucas and Brown",Prospect,Finance
"Mitchell, Elliott and Wade",Prospect,his
"Moore, Williams and Gibson",Prospect,Transportation
"Young, Hubbard and Rodriguez",Prospect,Manufacturing
Fernandez Group,Prospect,Education
Black-Reid,Prospect,Finance
Garcia-Mosley,Prospect,role
"Gilbert, Anderson and Smith",Prospect,own
"Wilson, Ross and Haas",Prospect,Technology
Miller Inc,Customer,Energy
"Sanchez, Ray and Hall",Customer,Technology
"Rodriguez, Wilson and Alvarez",Customer,Technology
Garcia-Ramos,Customer,Energy
Lester-Jefferson,Customer,Finance
"Mckinney, Holmes and Morris",Customer,Retail
Grimes-Robinson,Customer,Finance
Drake Inc,Customer,Retail
Lindsey Ltd,Prospect,Finance
Mitchell-Barrett,Customer,Technology
Reed LLC,Prospect,Healthcare
Robinson LLC,Prospect,Education
Stone and Sons,Customer,Technology
"Clarke, Diaz and Villegas",Prospect,Energy
"Villa, Harrison and Aguilar",Customer,Retail
"Mercer, Benton and Lewis",Customer,Retail
Dickerson-Brown,Prospect,Finance
"Russell, Mccann and Roberts",Customer,Technology
Howard-Chen,Prospect,Manufacturing
Johnson LLC,Customer,Technology
Henry Ltd,Customer,Manufacturing
Berry-Moore,Prospect,Retail
Lopez Inc,Prospect,Education
Stewart-Thomas,Prospect,Finance
"Hardy, Perkins and Davis",Customer,Technology
Frazier-Allen,Customer,Education
Lewis-Johnson,Customer,Technology
Johnson Inc,Prospect,Technology
Michael Inc,Prospect,Transportation
"Barber, Taylor and Jennings",Prospect,Healthcare
Tanner-Harris,Customer,Transportation
Lloyd-Little,Customer,Energy
Wallace and Sons,Customer,Finance
"Pierce, Steele and Miller",Prospect,Healthcare
Jackson LLC,Customer,Education
"Abbott, Thompson and Melendez",Prospect,Healthcare
"Russell, Kennedy and Price",Prospect,Energy
"Taylor, Meza and Perez",Prospect,Energy
James-Carrillo,Customer,Energy
"Lee, Williams and Lopez",Prospect,Technology
James-Hart,Customer,Healthcare
Torres Ltd,Customer,Education
Mccarthy Inc,Customer,Education
"Clark, Matthews and Smith",Customer,Finance
Garrett Inc,Prospect,Transportation
Garcia-Smith,Prospect,Finance
Decker-Hudson,Prospect,Retail
Gonzalez-Fisher,Prospect,Transportation
Huff and Sons,Prospect,Finance
Lee Ltd,Prospect,Finance
Fischer PLC,Customer,Finance
Reese PLC,Customer,Manufacturing
Barton LLC,Prospect,Retail
"Riggs, Lopez and Gutierrez",Prospect,Technology
Craig-Kennedy,Customer,song
Fitzgerald-Brown,Customer,Manufacturing
Rivera-Smith,Customer,Finance
Gregory-Anderson,Customer,Technology
"Powell, Thompson and Leon",Prospect,Finance
"Palmer, Cuevas and Greene",Customer,Finance
"Green, Moore and Dixon",Customer,Healthcare
Chapman-Coleman,Customer,Energy
Lawrence-Stevens,Prospect,Energy
"Petersen, Cohen and Shelton",Customer,Technology
Weaver-Morrison,Prospect,Manufacturing
Davila Inc,Customer,Transportation
Arnold-Hickman,Customer,Technology
Taylor-Rocha,Prospect,them
"Campbell, Stephens and Terry",Customer,Manufacturing
"Knight, Francis and Garcia",Prospect,Finance
Noble LLC,Customer,Energy
Figueroa-Cruz,Prospect,Finance
"Williams, Gonzalez and Wilson",Customer,Manufacturing
Burns Inc,Customer,Education
Harrell-Browning,Prospect,Education
Aguilar LLC,Prospect,Finance
"Cruz, Benjamin and Oliver",Prospect,Energy
"Odom, Watson and Frank",Customer,Healthcare
Peterson and Sons,Prospect,Energy
"Reed, Mitchell and Wolf",Prospect,Healthcare
Larson Inc,Customer,Retail
Duran Group,Customer,Transportation
Sanchez-Scott,Customer,expert
Cooper-Carpenter,Prospect,Healthcare
Barnes-Vasquez,Prospect,Healthcare
Smith-Aguilar,Customer,Finance
Woods-Carter,Customer,Manufacturing
"Wyatt, Patterson and Kane",Prospect,Transportation
Coleman Inc,Prospect,Education
Anderson-Brown,Customer,Education
Simon Group,Prospect,Energy
"Stevenson, Reynolds and Willis",Prospect,Manufacturing
Wells and Sons,Prospect,Energy
Lopez and Sons,Prospect,Transportation
Mata LLC,Customer,Finance
Pope-Haley,Customer,Healthcare
"Gonzalez, Holloway and Sexton",Prospect,Retail
"Jackson, Lindsey and Simpson",Customer,Healthcare
Medina Ltd,Prospect,Education
Hall-Taylor,Customer,Education
Cross-Shelton,Customer,Manufacturing
Garcia-Long,Customer,Finance
"Houston, Ho and Ryan",Customer,Energy
"Kelly, Wyatt and Holland",Prospect,Energy
Love-Terry,Customer,prepare
Schneider-Campbell,Prospect,Finance
Davis and Sons,Prospect,Transportation
Thomas-Williams,Customer,Retail
Burke-Simmons,Prospect,Healthcare
"Leon, Mitchell and Frank",Customer,Finance
"Diaz, Lopez and Higgins",Prospect,Retail
"Weaver, Davis and Hall",Customer,Technology
Sanders-Marquez,Customer,Technology
Landry Ltd,Prospect,Healthcare
Crosby-Edwards,Prospect,Finance
Turner Ltd,Prospect,Retail
"Murphy, Nicholson and Miles",Customer,Education
Scott-Oconnor,Prospect,Energy
Larsen-Brooks,Prospect,Manufacturing
Brooks Ltd,Customer,Manufacturing
Mason-Perkins,Prospect,Education
"Mcmahon, Brown and Cross",Customer,Transportation
Price-Chavez,Prospect,Retail
Woods-Gutierrez,Prospect,Healthcare
Adams-Thompson,Customer,Retail
"Oconnor, Green and Jackson",Prospect,Retail
Green-Davis,Customer,Technology
Foley LLC,Prospect,Retail
"Howard, Brown and Galloway",Prospect,Retail
"Poole, Howell and Torres",Prospect,Transportation
Peterson-Turner,Customer,Healthcare
"Thompson, Bryant and Evans",Customer,Finance
Frederick-Harmon,Prospect,Technology
Perez Group,Prospect,Finance
Irwin-Wong,Customer,Manufacturing
Roberts and Sons,Prospect,can
Campbell Ltd,Customer,Technology
Prince PLC,Prospect,Education
Lara PLC,Customer,Transportation
"Carr, Smith and Kramer",Prospect,Manufacturing
"Walsh, Garcia and Atkins",Prospect,Transportation
Parsons-Porter,Prospect,Finance
Lee and Sons,Prospect,Manufacturing
Lynn Inc,Prospect,Energy
White and Sons,Prospect,Healthcare
Dominguez Group,Customer,Retail
Mcdonald-Hunt,Prospect,Healthcare
Mendoza-Wheeler,Customer,Education
Allen-Jordan,Customer,Technology
"Maddox, Lee and Olson",Prospect,Transportation
Sullivan Ltd,Customer,Retail
"Jones, Mitchell and Christensen",Prospect,Finance
Rodriguez Group,Prospect,meeting
Arellano-Bell,Prospect,Manufacturing
"Young, Ferguson and Osborn",Prospect,Healthcare
Combs-Chaney,Prospect,Education
Brown-Smith,Prospect,Energy
"Anderson, Bell and Martin",Prospect,Retail
"Olson, House and Jackson",Prospect,Technology
Ayers Inc,Customer,Finance
Roth-Vasquez,Customer,Healthcare
Clark Group,Prospect,Technology
White-Mcguire,Prospect,Retail
Taylor-Conner,Prospect,Education
Gonzalez-Rivera,Customer,Education
Garcia Group,Customer,Healthcare
"Fletcher, Kerr and Smith",Prospect,Finance
Gibson Inc,Prospect,Energy
Bryant-Carlson,Customer,Manufacturing
Nichols-Fuller,Prospect,Education
"Perez, Bell and Sutton",Customer,Education
"Lopez, Watson and Lang",Customer,Healthcare
Hill-Williams,Customer,Retail
Murillo-Brown,Prospect,Education
Alvarado-Holmes,Prospect,Manufacturing
Brooks-Holmes,Prospect,Technology
Mendez-Murray,Customer,Transportation
"Williams, Carpenter and Daniel",Customer,Finance
Saunders-Ray,Customer,Retail
Washington-Stevens,Customer,Retail
Pineda-Mason,Customer,Finance
Smith LLC,Prospect,about
"Smith, Robinson and Bailey",Customer,Healthcare
Lopez-Montgomery,Prospect,tax
"Graves, Wade and Hardy",Prospect,factor
Kemp LLC,Prospect,Manufacturing
Brady Inc,Customer,close
Moody and Sons,Prospect,week
Parker-Riddle,Prospect,his
Paul-Acosta,Customer,Healthcare
Austin-Clark,Customer,appear
Williams Inc,Customer,Transportation
Christian-Walker,Customer,Retail
Riley Ltd,Prospect,Technology
Lane-Stewart,Prospect,into
Rodgers Group,Customer,Transportation
Sanchez and Sons,Customer,Technology
Richardson and Sons,Customer,Retail
Hernandez-Frazier,Prospect,Retail
Watson-Perez,Customer,Retail
"Miller, Smith and Chen",Customer,Technology
"Mcdaniel, Williams and Moreno",Prospect,top
Cooley Ltd,Customer,Energy
Nguyen-Wilson,Customer,Energy
"Johnson, White and Garcia",Customer,Energy
"Campbell, Dodson and Armstrong",Customer,Finance
"Andrews, Gould and Nelson",Customer,Finance
Ruiz PLC,Customer,Finance
"Brown, Harris and Rodriguez",Customer,Technology
"Chapman, Howard and Fox",Prospect,Technology
James-Lopez,Customer,Retail
"Jones, Franklin and Hernandez",Prospect,Finance
Brown-Rogers,Customer,Retail
Rhodes-Jordan,Customer,Energy
"Campbell, Collins and Henderson",Prospect,Technology
Gray-Smith,Customer,Education
Hall LLC,Customer,Healthcare
"Williams, Perry and Armstrong",Customer,Retail
Carey-Odonnell,Customer,Transportation
Clark-Park,Customer,Finance
Wagner-Estrada,Customer,Education
"Lopez, Warren and Adams",Prospect,Transportation
Wright-Glass,Prospect,Energy
Campbell-Wells,Prospect,Education
Butler and Sons,Prospect,Healthcare
Mora-Rodriguez,Customer,Manufacturing
"Johnson, Giles and Oliver",Prospect,Technology
Strong PLC,Prospect,Energy
Pitts and Sons,Prospect,Retail
"Graham, Johnson and Campbell",Prospect,Energy
Jones PLC,Prospect,Retail
Baker-Johnson,Prospect,Healthcare
Williams-Wright,Customer,Finance
"King, Fleming and Wilson",Prospect,Education
Griffin-Edwards,Prospect,Healthcare
Hampton-Carter,Prospect,Healthcare
"Harris, Woodward and Hernandez",Prospect,Technology
"Thompson, Moreno and Simpson",Prospect,Education
"Dyer, Cuevas and Hicks",Prospect,Energy
Pena-Scott,Customer,Manufacturing
Flores-James,Prospect,Retail
Wolf LLC,Customer,Retail
"Singleton, Adams and Martin",Prospect,Manufacturing
Young Group,Customer,Education
Benton-Smith,Prospect,Retail
"Jackson, Moore and Smith",Customer,Healthcare
Johnson-Juarez,Prospect,Transportation
"Bishop, Mcdowell and Lyons",Prospect,Education
Chapman Ltd,Customer,Manufacturing
"Zavala, Miller and Ellis",Customer,Transportation
Adams-Camacho,Customer,Manufacturing
Hill-Cole,Customer,Energy
"Murray, Love and Flowers",Prospect,Energy
Cline Ltd,Customer,Retail
Bell-Patel,Customer,discussion
Ramos Inc,Prospect,Energy
"Turner, Carter and Hernandez",Prospect,Technology
Schultz Ltd,Prospect,Manufacturing
Ramirez LLC,Customer,Education
"Hill, Wright and Kelley",Customer,Energy
Lopez-Hahn,Prospect,Education
Gomez PLC,Customer,Transportation
Brown Group,Prospect,Energy
Campos Inc,Customer,Retail
"Joseph, Moore and Collins",Prospect,Technology
King-Anderson,Customer,Retail
"Hall, Davis and Oneal",Customer,Education
Greer PLC,Customer,event
Rodriguez-Hill,Customer,Finance
Baldwin Group,Prospect,Retail
Bell Ltd,Customer,test
Ellis and Sons,Customer,Technology
"Taylor, Miller and Allen",Customer,Manufacturing
Howard and Sons,Customer,Retail
"Dalton, Chandler and Jones",Prospect,Manufacturing
"Robinson, Daniels and Clayton",Prospect,Manufacturing
Bradley LLC,Prospect,Manufacturing
Mckay-Andrews,Prospect,Energy
Nguyen-Gilbert,Prospect,Manufacturing
Brown-Reed,Prospect,Transportation
Powell Inc,Customer,Technology
Hale-Smith,Customer,Manufacturing
Bell LLC,Prospect,Retail
Sanders-Alvarado,Customer,Finance
"Brown, Wright and Young",Prospect,Manufacturing
Valdez-Branch,Customer,Healthcare
Haas and Sons,Prospect,Energy
Wright-Peterson,Prospect,Manufacturing
Ruiz-Walker,Prospect,Energy
Carlson Group,Prospect,Energy
"Riddle, Williamson and Durham",Prospect,Technology
"Walker, Scott and Estrada",Prospect,Finance
Reed-Kelly,Customer,Education
Stewart Ltd,Customer,Finance
Proctor Group,Prospect,Healthcare
Jones-Hunter,Customer,Finance
Franklin-Jones,Customer,Healthcare
Green PLC,Prospect,Retail
Barnett Group,Prospect,Transportation
Oconnor Group,Prospect,Transportation
Boyle-Parks,Customer,Technology
"Zimmerman, Martinez and Hartman",Prospect,Finance
Walters Ltd,Prospect,item
Mueller Inc,Customer,Healthcare
Brown-Moore,Customer,Technology
"Mcdowell, Roberts and Clark",Customer,Education
Meza Inc,Prospect,Energy
Kirk-Campbell,Prospect,Healthcare
Newman-Thompson,Prospect,Retail
Thomas Group,Customer,Education
"Olson, Lloyd and Jordan",Customer,Manufacturing
Murray Group,Prospect,Transportation
"Grant, Clark and Duncan",Customer,Education
Daniels Ltd,Customer,Finance
"Lowe, Torres and Soto",Customer,prove
Zuniga-Rojas,Prospect,Healthcare
Rodriguez-Lopez,Prospect,Education
"Gibson, Camacho and Schmidt",Customer,Finance
Kim-Oconnell,Customer,Healthcare
Tate-Maddox,Prospect,Education
Tran-Evans,Customer,Technology
"Stuart, Gonzales and Herrera",Prospect,Transportation
Hall Group,Customer,Retail
"Patterson, Perez and Mooney",Prospect,Retail
Robinson-Lee,Prospect,Education
Lucas LLC,Prospect,Transportation
"Ayala, Day and Carlson",Customer,Finance
"Garrett, Rose and Pittman",Prospect,Manufacturing
Padilla Inc,Customer,Retail
Williams-Davis,Customer,Finance
Dyer Inc,Customer,Retail
"Miller, Joseph and Ward",Prospect,Healthcare
Mann-Anderson,Prospect,Technology
Jones-Murray,Prospect,Transportation
Johnson PLC,Prospect,Healthcare
"Johnson, Johnson and Arnold",Prospect,Energy
"Morris, Mccormick and Morris",Prospect,Healthcare
Aguilar-Collins,Customer,Healthcare
"Russell, Griffith and Jacobs",Customer,Energy
Allen-Phelps,Prospect,Education
Hamilton-Jones,Customer,Education
Frey Inc,Customer,Finance
"Williams, Ford and Flores",Customer,Retail
Mercado-Pierce,Prospect,Retail
Brooks Inc,Customer,Education
Jackson PLC,Customer,Healthcare
Jones Ltd,Prospect,Education
Rivera LLC,Prospect,Energy
Chung Ltd,Customer,Healthcare
Allen-Ray,Prospect,Finance
Davis-Flores,Prospect,Technology
Arnold LLC,Customer,Retail
"Crosby, Taylor and Valencia",Prospect,Technology
Castillo-Keith,Customer,Energy
Wolf-Nielsen,Customer,Healthcare
"Brennan, Bond and Mcdaniel",Customer,artist
"Jones, West and Roberts",Customer,Retail
Munoz-Gilmore,Prospect,Transportation
Castro-Boone,Customer,Healthcare
"Hunt, Young and Turner",Prospect,Healthcare
"Ball, Erickson and Morris",Customer,Healthcare
"Cox, Martinez and Fox",Customer,Healthcare
Flores-Fisher,Customer,Transportation
Klein-Carrillo,Customer,Energy
Crane Group,Customer,Manufacturing
Larsen LLC,Customer,Energy
"Young, Bradshaw and Johnson",Customer,Healthcare
Herring-Rivera,Prospect,Healthcare
"Mckenzie, Cummings and Robinson",Prospect,Education
"Robbins, Walker and Garza",Prospect,Retail
Mora Ltd,Customer,Finance
Baker-Whitaker,Prospect,Finance
Woods Inc,Prospect,Healthcare
Henderson-Hendricks,Customer,Technology
"Davis, Yates and Hunt",Customer,Finance
Reeves-Morris,Prospect,Finance
Conley Group,Prospect,Education
"Day, Hatfield and Davis",Prospect,Technology
Roberts Inc,Customer,Transportation
"Valencia, Woodard and Harrison",Customer,Technology
Reynolds and Sons,Customer,Technology
"Medina, Smith and Scott",Customer,Transportation
"Davis, Hanna and Gonzalez",Customer,rate
Ross and Sons,Prospect,Retail
Smith PLC,Prospect,Retail
Wilson-Bennett,Customer,Healthcare
Castillo Group,Prospect,Education
Robertson-Bryan,Prospect,Education
Hughes and Sons,Prospect,Technology
Fischer-Tucker,Customer,Education
"Calderon, Maldonado and Mitchell",Prospect,Technology
Duncan-Sawyer,Prospect,Manufacturing
Phillips Ltd,Prospect,Energy
"Anderson, Davidson and White",Prospect,Technology
"Murphy, Perez and Wells",Customer,Healthcare
Sherman-Jimenez,Customer,Finance
"White, Taylor and Vega",Prospect,Energy
Hernandez and Sons,Prospect,Manufacturing
Soto and Sons,Customer,Energy
Ballard-Mitchell,Customer,Energy
"Castillo, Campbell and Wilkinson",Prospect,Transportation
Patrick-Nichols,Customer,Transportation
"Gonzalez, Leblanc and Johnson",Prospect,region
"Mosley, Warner and Thornton",Customer,Manufacturing
Cohen-Hayes,Customer,Healthcare
Osborn-Miller,Customer,Finance
Small PLC,Customer,Energy
"Farrell, Jackson and Gray",Prospect,Healthcare
Arnold and Sons,Customer,Manufacturing
"Powers, Mcneil and Osborn",Prospect,Finance
Zimmerman and Sons,Customer,Finance
Harrison Ltd,Customer,Technology
"Huffman, Graves and Bell",Prospect,Healthcare
Payne PLC,Customer,Retail
Kerr-Jackson,Prospect,industry
Dominguez Ltd,Prospect,Technology
"Hammond, Garcia and Daugherty",Prospect,Energy
Shields LLC,Prospect,Retail
Burnett Ltd,Prospect,Healthcare
Reed Ltd,Prospect,Manufacturing
Chandler-Maxwell,Prospect,people
Rubio and Sons,Prospect,Technology
Hayden-Brown,Customer,Manufacturing
"Chapman, Valencia and Carter",Prospect,Transportation
Davis-Bell,Customer,Healthcare
"Rodriguez, Ryan and Barber",Prospect,Energy
Wilson Ltd,Prospect,Technology
Nelson-Tyler,Customer,Finance
Stevenson LLC,Customer,Transportation
"Mendoza, Wade and Stevens",Prospect,Education
Martinez-Graham,Customer,Energy
Barber PLC,Prospect,Energy
"Haynes, Hughes and Cooper",Customer,Education
Nicholson-Brown,Customer,Energy
Watkins Inc,Customer,Healthcare
Cobb Inc,Customer,Transportation
Jackson Inc,Prospect,Healthcare
Cook Inc,Customer,Technology
Adams Ltd,Prospect,Transportation
"Sullivan, Castaneda and Strickland",Prospect,Education
"Gay, Sullivan and Hill",Customer,Energy
Diaz-Foster,Customer,Retail
Rios and Sons,Customer,Energy
"Stone, Sanders and Hudson",Prospect,Healthcare
Cooper-Johnson,Prospect,Education
Sanders PLC,Customer,Retail
Mcgrath Ltd,Prospect,Manufacturing
Buck-Francis,Customer,Technology
Massey Inc,Prospect,Energy
Gentry-Jenkins,Prospect,Finance
"Wolf, Carter and Alvarez",Prospect,Manufacturing
"Dunn, Hamilton and Gonzalez",Customer,Manufacturing
Sloan-Diaz,Customer,Technology
Matthews LLC,Customer,Manufacturing
Arnold-Alexander,Prospect,Education
Olsen-Johnson,Prospect,Energy
Wilkinson and Sons,Customer,Retail
"Higgins, Heath and Smith",Prospect,Manufacturing
Allison Inc,Prospect,Education
Trevino-Smith,Prospect,Manufacturing
Scott-Johnson,Customer,Healthcare
"Barrett, Howard and Rowe",Customer,Transportation
"Gibson, Duncan and Huang",Customer,Education
Brown-Wilson,Prospect,Manufacturing
"Ruiz, Blair and Garcia",Customer,Finance
Nguyen PLC,Prospect,Finance
"Simmons, Curtis and Jordan",Customer,Transportation
"Fleming, Gonzalez and Novak",Prospect,Manufacturing
Clark-Key,Customer,Retail
"Lucas, Frazier and Newman",Customer,Finance
Fitzpatrick and Sons,Customer,Finance
Schultz PLC,Customer,Education
Stanley Ltd,Customer,Finance
Hatfield Inc,Prospect,Education
Scott Group,Customer,Technology
"Brown, Harrington and Anderson",Customer,Technology
Robertson-Bowman,Prospect,Technology
Kerr LLC,Customer,Finance
Cardenas-Walton,Prospect,Transportation
"Wilson, Arnold and Garcia",Prospect,Manufacturing
"Bell, Ellis and Patterson",Customer,Manufacturing
Carroll-Taylor,Prospect,Manufacturing
Turner-Fuentes,Customer,Technology
Thornton PLC,Customer,Education
Miller-Patel,Prospect,Transportation
Scott and Sons,Prospect,Transportation
Nguyen-Lopez,Customer,Manufacturing
Schneider and Sons,Customer,Finance
Howe Inc,Prospect,Finance
"Oneal, Callahan and Ho",Prospect,Technology
Wilson PLC,Prospect,Technology
"Conner, White and Collins",Customer,Education
"Liu, Shelton and Weaver",Customer,may
Nielsen Inc,Customer,Healthcare
Harris LLC,Customer,expert
"Hardy, Murphy and Parker",Prospect,Transportation
Romero Ltd,Customer,Technology
Mitchell PLC,Prospect,Manufacturing
"Jackson, Wilson and Goodwin",Customer,Technology
Jimenez-Acosta,Prospect,Transportation
Cohen-Mueller,Prospect,Healthcare
Trevino-Allen,Customer,Education
Anderson LLC,Customer,Healthcare
Russell-Howard,Customer,Transportation
"Freeman, Mays and Gould",Prospect,Retail
Lowe Ltd,Customer,Finance
"Padilla, Glover and Nash",Prospect,Technology
Jones and Sons,Prospect,Healthcare
Davis PLC,Customer,Energy
"Johnson, Rodriguez and Lucero",Prospect,Energy
"Park, Dunn and Griffin",Customer,Transportation
Wells-Nunez,Customer,Healthcare
"Clark, Conway and Anderson",Customer,Technology
Campbell-Wolf,Customer,Healthcare
"Wright, Carroll and Hernandez",Customer,Energy
Harrison Group,Prospect,another
"Mahoney, Austin and Mason",Customer,Energy
Perkins-Montoya,Customer,Healthcare
"Long, Davis and West",Prospect,Energy
Figueroa and Sons,Prospect,resource
Edwards-Ramirez,Customer,Transportation
"Kim, Thomas and Price",Customer,Education
"Goodwin, Crawford and Matthews",Customer,Technology
"Carter, Moses and Knight",Prospect,Energy
Walker Inc,Customer,Retail
Lopez PLC,Prospect,Energy
"Cunningham, Jones and Hutchinson",Customer,Retail
Nguyen-Garcia,Prospect,Energy
Glass PLC,Customer,Retail
"Freeman, Velez and Phillips",Prospect,Education
"Mitchell, Mathis and Manning",Prospect,Education
Reed Group,Prospect,Education
King-Smith,Customer,Transportation
"Grant, Peck and Hammond",Prospect,Technology
Hall-Conley,Prospect,Technology
Davis Inc,Customer,Education
"Johnson, Mcdonald and Blackburn",Customer,Healthcare
Davis-Reed,Prospect,Technology
Norris Inc,Customer,Manufacturing
Tran Ltd,Prospect,Transportation
Bernard-Villarreal,Prospect,Technology
Reed PLC,Prospect,Finance
Rivera-Bright,Customer,Technology
Thomas-Beck,Prospect,Education
Banks-Glass,Customer,Manufacturing
Phelps-Mcclure,Prospect,Retail
"Miller, Robertson and Giles",Customer,Finance
"White, York and Baker",Customer,Manufacturing
Lucas and Sons,Prospect,Energy
"Brown, Wright and Kirk",Customer,Technology
Bryan-Ball,Customer,Education
Morgan-Merritt,Customer,Retail
Ward Inc,Prospect,Retail
"Stanley, Barnett and Glover",Prospect,candidate
Smith and Sons,Customer,Finance
Brown-Montoya,Prospect,Manufacturing
Noble-Bishop,Customer,Manufacturing
Tucker Inc,Customer,Energy
Huerta Group,Prospect,Healthcare
Baxter-Holland,Prospect,Transportation
"Mcdonald, Diaz and Brown",Customer,Energy
Barker-Hodges,Prospect,Transportation
Jones Inc,Prospect,tell
"Thomas, Hill and Cline",Prospect,Transportation
Garrett-Carson,Customer,Finance
"Bowman, Poole and Stevenson",Customer,Retail
"Lee, Shaffer and Miller",Customer,Energy
"Jones, Bruce and Miller",Customer,Manufacturing
Torres-Lee,Prospect,Education
Henderson-Werner,Customer,Education
"Estrada, Scott and Arnold",Customer,Healthcare
"Hess, Garcia and Adams",Prospect,Finance
Thomas-Pena,Prospect,Healthcare
"Rasmussen, Rice and Wood",Customer,Healthcare
"Garcia, Leonard and Mann",Prospect,Energy
Jenkins PLC,Customer,Education
"Long, Hicks and Jones",Customer,Education
"Simpson, King and Gordon",Customer,Transportation
Rios-Fox,Prospect,Healthcare
Green LLC,Prospect,Manufacturing
Hamilton and Sons,Customer,Education
Richardson-Flynn,Prospect,Technology
Gonzalez and Sons,Prospect,Manufacturing
"Davis, Perez and Burnett",Customer,Education
Thompson-Morgan,Prospect,Retail
Wells Ltd,Prospect,Retail
Martinez-Riggs,Prospect,Technology
Collins-Suarez,Prospect,Transportation
Bailey-Steele,Customer,Retail
"Moss, Torres and Goodman",Prospect,Education
"Daniel, Hardy and Fisher",Customer,Education
"Dominguez, Hendrix and Davis",Customer,Energy
Kelley-Johnson,Prospect,Retail
"Smith, Lopez and Rodriguez",Prospect,Retail
"Gregory, Soto and Malone",Prospect,Transportation
Martin-Davis,Prospect,Finance
Brown-Flores,Customer,Technology
Turner-Olsen,Prospect,Manufacturing
Hatfield-Garcia,Customer,Transportation
Martinez Inc,Prospect,Finance
"Harrison, Austin and Smith",Prospect,Retail
Solis-Glover,Customer,Transportation
"Oneal, Walker and Whitaker",Customer,Energy
"Weeks, Huynh and Bell",Prospect,Education
"Lowery, Bennett and Price",Customer,Energy
Stevenson Inc,Prospect,Finance
White-Sanders,Prospect,Education
"Allen, Bruce and Vaughn",Prospect,Transportation
"Shah, Frazier and Hunt",Customer,Technology
"Mcconnell, Huff and Peters",Customer,Manufacturing
"Harris, Woodward and Riley",Customer,project
Wilson-Strickland,Customer,Healthcare
"Deleon, Rodriguez and Armstrong",Customer,Technology
Ward Group,Prospect,Transportation
"Robles, Henderson and Swanson",Customer,Healthcare
Gentry-Payne,Prospect,Finance
Perez-Garcia,Customer,Energy
Hayes-Johnson,Customer,Energy
Bell and Sons,Customer,Manufacturing
Gibson LLC,Customer,Energy
Wolf and Sons,Prospect,see
Montgomery PLC,Prospect,Education
Summers-Ellis,Customer,Technology
"Curtis, Gutierrez and Johnson",Prospect,Transportation
"Bennett, Phelps and Weber",Customer,Transportation
Greene Group,Prospect,Finance
Hughes Inc,Customer,Technology
Williams LLC,Prospect,goal
"Lin, Shaw and Kelley",Customer,Energy
Pruitt Group,Prospect,Energy
Oneal-Orr,Prospect,Technology
"Howard, Hernandez and Neal",Prospect,Finance
Powell-Smith,Prospect,Finance
"Macdonald, Ryan and Love",Prospect,Technology
"Jones, Oconnor and Carter",Prospect,Transportation
"Strickland, Chapman and Gill",Prospect,Healthcare
Rios-Graves,Prospect,Technology
Colon-Thomas,Prospect,Manufacturing
Herrera-Collins,Customer,Manufacturing
"Campbell, Lee and Bailey",Prospect,Transportation
Sweeney Inc,Customer,Healthcare
Lucero-Meza,Customer,Healthcare
Dudley-James,Customer,Transportation
Gonzalez-Munoz,Customer,Finance
"Rice, Perez and White",Customer,Education
Riley Inc,Customer,Education
"Kim, Mcguire and Austin",Prospect,Retail
"Perkins, Mccoy and Green",Customer,Manufacturing
Jennings-Delacruz,Prospect,Manufacturing
Koch and Sons,Customer,Energy
"Bell, Davis and Anderson",Customer,Healthcare
Blackwell Ltd,Customer,Manufacturing
"Bean, Ramos and Whitney",Customer,Technology
Jimenez-Foster,Customer,Finance
Mckee-Davis,Customer,Energy
Velazquez LLC,Customer,Energy
Reed-Coffey,Prospect,Education
Taylor-Flores,Customer,Healthcare
"Martin, Guzman and Walker",Prospect,Technology
"Garcia, Hernandez and Thomas",Prospect,attorney
Duran and Sons,Prospect,Manufacturing
Leon-Jenkins,Prospect,Technology
"Snyder, Hamilton and Scott",Customer,Manufacturing
Hall-Soto,Prospect,Education
"Lopez, Shannon and Mitchell",Prospect,Finance
Hobbs and Sons,Prospect,Retail
Gregory-Vazquez,Customer,Education
Bowers Group,Prospect,Finance
Clark Ltd,Prospect,Manufacturing
Wood-Lopez,Prospect,Energy
Newton-King,Prospect,Technology
"Fields, Miller and Cummings",Customer,Technology
"Christensen, Hayes and Murphy",Customer,Energy
Gibson-Luna,Customer,Healthcare
Dennis-Price,Prospect,Healthcare
Cox-Campbell,Customer,Finance
"Hawkins, Barnett and Booker",Prospect,Technology
Patel Ltd,Prospect,Energy
Ross LLC,Customer,Education
Hernandez-Briggs,Prospect,Energy
Garcia-Brown,Customer,Education
Sanchez LLC,Prospect,forget
"Collins, Deleon and Lin",Prospect,Education
"Jones, Gallagher and Rodgers",Customer,Healthcare
Schneider PLC,Prospect,Education
Barry LLC,Prospect,Healthcare
Ward PLC,Prospect,Technology
Mcguire-Hill,Prospect,Finance
"Simpson, Matthews and Benton",Prospect,Finance
Sutton-Johnson,Prospect,Transportation
Johnson-Schneider,Prospect,Energy
Turner-Carter,Prospect,Education
Bryant and Sons,Prospect,Manufacturing
Oneal-Johnson,Customer,Healthcare
Black-Byrd,Customer,Technology
Lynch-Choi,Customer,Technology
Hunter-Long,Prospect,Education
"Patterson, Hayes and Russell",Customer,Retail
May-Sanchez,Prospect,Healthcare
Washington and Sons,Customer,Manufacturing
Adams-Morales,Customer,Technology
Moreno Inc,Prospect,Manufacturing
Brown and Sons,Customer,Manufacturing
Thompson-Bailey,Prospect,Technology
Rodriguez-Webster,Prospect,tend
Wyatt Group,Prospect,especially
"White, Grant and Bolton",Customer,Education
Johnson Ltd,Prospect,Retail
Anderson-Atkinson,Prospect,security
"Walker, Williams and Bishop",Customer,Energy
Johnson-Carey,Prospect,Manufacturing
Graves LLC,Customer,Energy
Ferguson and Sons,Customer,Manufacturing
Carpenter Inc,Prospect,Technology
Mays PLC,Customer,Finance
Mejia-Lee,Prospect,Retail
Villanueva Ltd,Prospect,Finance
Lang Ltd,Prospect,Technology
Jackson-Campbell,Prospect,Healthcare
"Ruiz, Sawyer and Lopez",Prospect,Transportation
Taylor Group,Customer,Transportation
Richards-Austin,Prospect,Manufacturing
Taylor-Adams,Customer,Transportation
Mason-Mueller,Customer,Technology
"Wilson, Williamson and Durham",Customer,Education
"Richard, Shepherd and Rowland",Prospect,Manufacturing
Duarte Ltd,Customer,Finance
Hunt-Peterson,Customer,Education
Wiggins Group,Customer,Healthcare
Mendez-Lewis,Prospect,Healthcare
Franco and Sons,Prospect,Energy
Navarro LLC,Customer,Healthcare
Harmon-Scott,Prospect,Education
"Rivera, Li and Martinez",Prospect,Technology
Graham-Lamb,Prospect,Finance
"Ochoa, Carroll and Fuentes",Prospect,Healthcare
Meyer Group,Customer,Retail
Fisher-Morris,Prospect,Transportation
"Carter, Rivas and Jennings",Prospect,Technology
"Wilson, Fisher and Wood",Prospect,Technology
"White, Taylor and Jackson",Prospect,Energy
"Gomez, Michael and Williams",Prospect,Manufacturing
"Garza, Huang and Haley",Customer,Education
Rollins-Jones,Prospect,Education
"Smith, Perry and Chung",Prospect,Healthcare
"Hill, Reid and Ruiz",Customer,Manufacturing
"Smith, Wood and Martinez",Prospect,Education
Baker-Rojas,Customer,Manufacturing
Dodson Group,Prospect,Healthcare
Williamson-Clayton,Customer,Manufacturing
"Bowen, Butler and Robles",Prospect,over
Greene and Sons,Customer,Healthcare
"Campbell, Perez and Hayes",Customer,Finance
Petersen-Kelly,Customer,Healthcare
"Mitchell, Cobb and Saunders",Prospect,Education
Allen Ltd,Prospect,Transportation
Hughes-Simon,Customer,Energy
Perez Ltd,Customer,Technology
West PLC,Customer,Healthcare
Rasmussen LLC,Customer,Energy
Hunter LLC,Prospect,Technology
House LLC,Customer,Healthcare
Curry Ltd,Customer,Healthcare
Fox-Porter,Prospect,hour
"Lewis, Marshall and Wagner",Customer,Retail
"Martinez, Nichols and Carroll",Prospect,Healthcare
Whitney Group,Customer,Energy
Kelly-Wells,Customer,Technology
"Lara, Miranda and Barry",Prospect,Technology
Hart-Martinez,Customer,Transportation
Smith Ltd,Customer,Manufacturing
"Smith, Skinner and Rojas",Customer,Transportation
Sanders Inc,Customer,case
Gay-Graham,Customer,Energy
Benson Ltd,Prospect,Healthcare
Faulkner-Thompson,Customer,Manufacturing
"Davis, Brady and Patton",Prospect,Healthcare
"Porter, Martin and Stokes",Customer,Healthcare
"Sanchez, Skinner and Sanchez",Prospect,Education
Butler-Harper,Customer,Manufacturing
Jones-Lopez,Prospect,Healthcare
Garcia and Sons,Customer,Healthcare
Kelly and Sons,Prospect,Manufacturing
"Anderson, Gonzalez and Leach",Prospect,Energy
"Lowe, Morris and Martinez",Prospect,Finance
Davis LLC,Customer,Manufacturing
"Dunn, Cain and Petty",Prospect,Technology
Taylor-Yu,Prospect,Transportation
"Ross, Villegas and Summers",Prospect,Manufacturing
Williams-Allison,Prospect,Manufacturing
"Gilbert, Shannon and Smith",Customer,Retail
"Gray, Camacho and Martinez",Customer,Education
"Smith, Arnold and Greene",Prospect,Retail
Shaffer-Nelson,Prospect,Manufacturing
Price Group,Prospect,Education
Merritt-Wells,Customer,Transportation
Warner-Melendez,Customer,Retail
Wagner-Cox,Customer,Technology
"Yates, Brooks and Hayes",Prospect,Technology
Butler Group,Prospect,Retail
"Doyle, Wright and Irwin",Customer,Retail
Meyers Ltd,Customer,Technology
Mcgee-Garrett,Customer,Energy
Moore-Richard,Customer,Energy
"Flores, Bass and Jones",Customer,Energy
"Hill, Holden and Bishop",Prospect,Education
Huffman Ltd,Prospect,Education
"Rodriguez, Jackson and Williams",Customer,Education
Hardin Ltd,Prospect,Education
"Adkins, Bruce and Obrien",Prospect,role
Wright-Caldwell,Customer,Technology
Mitchell Inc,Customer,Healthcare
Brown Inc,Prospect,Healthcare
"Fletcher, Patel and Logan",Prospect,Transportation
Freeman-Brown,Prospect,Transportation
Gibson-Leonard,Customer,Education
"Cisneros, Bush and Mercer",Prospect,Retail
"Casey, Robinson and Chang",Prospect,Retail
Harding-Williams,Prospect,Finance
"Rogers, Rollins and Hendricks",Prospect,Education
Daniels-Williams,Prospect,Retail
"Berg, Davis and Kim",Customer,Retail
"Chavez, Banks and Jordan",Prospect,Manufacturing
Taylor-Perez,Customer,Healthcare
Simmons-Campbell,Prospect,Finance
Brewer-Morse,Prospect,Energy
"Wilkinson, West and Grant",Customer,Retail
"Thompson, Stewart and Stanley",Customer,Education
Perkins and Sons,Prospect,Transportation
"Nelson, Garcia and Aguilar",Customer,Finance
"Williams, Santana and Brown",Customer,Energy
West LLC,Prospect,Healthcare
"Johnston, Freeman and Lindsey",Customer,Transportation
Powell PLC,Prospect,Retail
Mccarthy-Robinson,Prospect,Transportation
Clark-Crawford,Customer,Transportation
Watson Ltd,Customer,Manufacturing
Nash Ltd,Customer,Technology
Lynch-Johns,Customer,Energy
Miller Group,Customer,Retail
Herrera-Price,Prospect,Technology
Murillo-Davis,Prospect,Retail
Jimenez-Mcintosh,Prospect,Finance
"Ferrell, King and Brown",Prospect,Retail
"Carroll, Sutton and Fuller",Prospect,Energy
"Martin, Lee and Oliver",Prospect,Manufacturing
"Jimenez, Welch and Alvarez",Customer,Manufacturing
Jordan-Martinez,Prospect,Education
"Murphy, Schwartz and Smith",Customer,Retail
Suarez and Sons,Prospect,Manufacturing
Bishop-Price,Prospect,Technology
"Green, Kennedy and Edwards",Customer,Finance
"Deleon, Gallegos and Humphrey",Customer,Retail
"Logan, Gentry and Johnson",Customer,Healthcare
Dixon and Sons,Prospect,Healthcare
Holmes-Gray,Customer,Education
"Villarreal, Sweeney and Pearson",Prospect,Retail
"Flores, Henry and Compton",Customer,my
Harvey-Evans,Prospect,Energy
"Simmons, Velazquez and Park",Customer,Finance
Williams-Skinner,Prospect,far
"Durham, Dominguez and Fitzpatrick",Prospect,Finance
Thompson LLC,Prospect,Manufacturing
"Young, Hughes and Rubio",Customer,Retail
Mcbride Group,Customer,Manufacturing
Bradshaw and Sons,Customer,Healthcare
"Preston, Hudson and Lucas",Customer,Healthcare
Thomas-Allen,Prospect,Healthcare
Williams and Sons,Customer,Healthcare
"Huber, Reyes and Bell",Customer,Education
Parsons Ltd,Prospect,Finance
Powers-Williams,Customer,Retail
Parsons-Waters,Prospect,Retail
Chapman PLC,Customer,Finance
"Osborne, Hernandez and Garrett",Customer,Retail
Obrien and Sons,Prospect,Energy
Larson-Mccoy,Customer,Transportation
Luna and Sons,Customer,Transportation
"Miller, Bell and Thomas",Prospect,see
Gibson-Young,Customer,Retail
Jimenez PLC,Customer,Finance
Adams PLC,Customer,Retail
Baker PLC,Prospect,Finance
Holmes-Cruz,Prospect,part
Duke-Contreras,Prospect,Finance
Hines Group,Prospect,Finance
"Villegas, Williams and Thompson",Customer,hair
"Roberts, Wagner and Mason",Prospect,Retail
Glenn Ltd,Customer,team
Lee-Hernandez,Prospect,Manufacturing
"Barber, Morales and Scott",Prospect,Education
Phillips Inc,Prospect,Energy
Barr-Martinez,Customer,spring
Jones-Pierce,Prospect,Transportation
"Parker, Bowen and Foster",Prospect,Healthcare
Arellano-Miller,Prospect,Technology
"Cook, Rice and Cruz",Prospect,Retail
Tucker-Carroll,Prospect,Finance
"Castillo, Hodge and Berry",Customer,Technology
"Gonzalez, Fowler and Mitchell",Prospect,Transportation
"Moore, Richards and Kennedy",Prospect,Education
Bell Inc,Customer,Healthcare
Mccullough Inc,Customer,Healthcare
Wood-Rush,Customer,Education
Torres and Sons,Customer,Retail
"Bass, Boyd and Gomez",Prospect,Healthcare
"Russell, Watkins and Rios",Customer,Energy
"Miller, Miller and Eaton",Prospect,Energy
Smith-Pittman,Customer,Retail
"Gardner, Lane and Johns",Customer,Energy
Hanson Ltd,Prospect,Education
Boyd-Ellison,Customer,church
Rose LLC,Customer,Transportation
"Manning, Gordon and Martin",Prospect,Finance
Gordon PLC,Customer,Retail
Ford-Rodgers,Prospect,Manufacturing
"Copeland, Rodriguez and Golden",Prospect,Manufacturing
Figueroa-Hughes,Prospect,create
Miller PLC,Customer,Energy
"Douglas, Guzman and Zuniga",Customer,Healthcare
Baird and Sons,Prospect,Manufacturing
Summers and Sons,Prospect,Healthcare
Ford Inc,Customer,Finance
Middleton LLC,Prospect,Healthcare
Smith-Holloway,Customer,Manufacturing
Phillips PLC,Customer,Manufacturing
Matthews Group,Prospect,hair
Kim-Schneider,Customer,Education
"Christian, Cabrera and Ortiz",Prospect,Education
Martinez-Bishop,Prospect,Finance
Becker-Smith,Prospect,Energy
"Rodriguez, Sutton and Jones",Customer,Manufacturing
Spencer and Sons,Customer,Finance
"Jones, Evans and Howard",Prospect,Transportation
Wright-Torres,Customer,Manufacturing
Cooper-Cooper,Prospect,Energy
Perry Group,Prospect,Education
"Underwood, Campos and Johnson",Customer,Transportation
"Wallace, Morris and Bowen",Customer,Retail
Gould-Oconnor,Prospect,Manufacturing
"Thompson, Contreras and Dixon",Customer,Healthcare
"Pierce, Bennett and Moreno",Customer,Energy
Nichols-Arnold,Prospect,Retail
"Smith, Bishop and Figueroa",Customer,Education
"Price, Lewis and Barrett",Customer,Energy
Brown-Burton,Customer,Retail
"Snow, Hines and Russell",Prospect,Retail
Henson-Kemp,Prospect,Transportation
Campbell and Sons,Prospect,Retail
Fields Group,Customer,Finance
Bowman-Oconnor,Prospect,Finance
Valdez-Krause,Customer,Healthcare
Cordova-Mcmillan,Customer,Technology
"Mcguire, Brock and Peterson",Customer,Energy
"Hernandez, Mccullough and Ramirez",Customer,Manufacturing
Mitchell-Snyder,Prospect,Technology
Roberson-Price,Prospect,Education
"Bean, Davis and Garcia",Prospect,Manufacturing
Brewer PLC,Prospect,Finance
Carrillo PLC,Prospect,Energy
Solomon PLC,Prospect,Education
Stanley Inc,Prospect,Manufacturing
Hickman Ltd,Prospect,Retail
Gutierrez and Sons,Customer,Healthcare
"Woods, White and Dixon",Prospect,Energy
"Miller, Barton and Aguirre",Customer,Energy
Reed and Sons,Customer,Manufacturing
Campbell-Murphy,Customer,Technology
Decker-Miller,Prospect,Retail
Dickerson-Rogers,Customer,Retail
Craig-Davis,Prospect,Education
"Vasquez, Thompson and Mcdaniel",Customer,Transportation
Porter-Rodriguez,Customer,Energy
Carroll-Stevens,Prospect,Manufacturing
Gonzalez-Gonzalez,Prospect,Energy
Robinson-Hansen,Prospect,Education
Gardner Ltd,Prospect,Retail
Downs-Berger,Customer,Retail
Reynolds-Hall,Prospect,Education
"Duncan, Johnson and Gutierrez",Prospect,Education
Walsh-Ayala,Customer,Transportation
Reed-Duran,Prospect,Education
Smith Group,Prospect,Healthcare
Bradley-Bolton,Customer,Healthcare
Rodriguez LLC,Prospect,Education
Francis LLC,Customer,Technology
Burns Group,Customer,Technology
Underwood Group,Customer,trial
Nichols Ltd,Prospect,Transportation
"Wagner, Porter and Johnson",Prospect,Manufacturing
"Brock, Luna and Wells",Customer,Healthcare
Williams-Martinez,Prospect,Finance
Hall-Marsh,Prospect,Technology
Salas and Sons,Prospect,Education
Ferguson LLC,Prospect,Transportation
Murphy Ltd,Customer,good
Friedman Inc,Customer,Finance
"Lang, Mccormick and Vega",Customer,Energy
"Smith, Hanson and Daniels",Customer,Healthcare
Thompson-Parrish,Customer,Healthcare
Frost and Sons,Customer,Transportation
"Nelson, Savage and Jackson",Prospect,Education
Sanchez-Freeman,Prospect,Finance
"Navarro, Medina and Anderson",Customer,Education
Rivera Ltd,Prospect,Technology
"Franklin, Berry and Huff",Prospect,Finance
Mason-Jones,Prospect,Transportation
Rivera-Davis,Prospect,Retail
Carter Ltd,Prospect,Technology
Hays and Sons,Customer,Education
Rice-Leach,Customer,Manufacturing
Hanson and Sons,Customer,Energy
"Davis, Foster and Mcdonald",Prospect,Technology
Cortez and Sons,Customer,Healthcare
Payne-Contreras,Prospect,Education
King-Lee,Prospect,Technology
"Mckinney, Melendez and Welch",Prospect,Finance
Reid-Martinez,Customer,Education
Gilbert Group,Prospect,Energy
Walsh Group,Customer,Manufacturing
"Schmitt, Shannon and Marshall",Prospect,Retail
Mitchell-Griffin,Prospect,Technology
Vazquez Ltd,Customer,Finance
"Rose, Chen and Johnston",Prospect,Energy
Burke PLC,Customer,Technology
Burch-Hodges,Customer,Transportation
Payne-Brown,Prospect,Education
Stafford Ltd,Customer,Healthcare
Jordan Group,Prospect,Manufacturing
Bell PLC,Customer,Retail
Stewart-Miller,Customer,Finance
Rowe-Knight,Customer,Finance
Gutierrez Inc,Customer,Healthcare
Hernandez Ltd,Prospect,Education
Austin PLC,Customer,Technology
Chase PLC,Customer,Energy
Jones-Lewis,Customer,Healthcare
Harris-Fleming,Customer,Retail
Jones-Woodward,Customer,Finance
"Wilkins, Price and Tran",Prospect,Transportation
"Diaz, Ramirez and Harris",Customer,Technology
"Francis, Jimenez and Le",Prospect,Energy
Green-Cole,Prospect,Transportation
"Townsend, Lee and Gillespie",Prospect,Technology
"Murray, Mahoney and Hughes",Customer,Education
"Mccall, Heath and Harvey",Customer,Finance
Lyons and Sons,Customer,Healthcare
"Jackson, Carlson and Anderson",Customer,Finance
Zimmerman Inc,Customer,Retail
Ingram LLC,Prospect,Technology
Hill-Patterson,Customer,Finance
"Maynard, Day and Boyd",Prospect,Education
"Bennett, Mosley and Price",Prospect,Transportation
Garza-Robinson,Customer,Energy
Lozano and Sons,Customer,Manufacturing
"Moss, White and Singleton",Prospect,Energy
Collins-Tran,Prospect,Manufacturing
Wagner LLC,Prospect,Retail
Wilkerson LLC,Prospect,Energy
Simon and Sons,Prospect,Healthcare
Carrillo and Sons,Customer,Education
Moore-Martin,Prospect,Energy
Graham LLC,Customer,Retail
Brown LLC,Prospect,agent
"Brown, Carr and Hanson",Prospect,Technology
Benson-Reid,Prospect,Education
Allen-Davis,Customer,Manufacturing
Diaz-Hudson,Customer,Retail
Powell-Robbins,Prospect,Finance
"Brown, Holland and Santiago",Prospect,return
Tanner LLC,Customer,Healthcare
Moran Ltd,Customer,Retail
"Davis, Hernandez and Walters",Prospect,Technology
"Roberson, Castro and Gutierrez",Customer,Retail
Conley-Roberts,Prospect,Transportation
Johnson-Taylor,Customer,Transportation
"Patterson, Henderson and Madden",Prospect,Technology
"Barker, Kim and Nelson",Prospect,Technology
Woodward Inc,Prospect,Technology
Miller-Gardner,Customer,Finance
Holmes PLC,Prospect,Retail
Singh-Rose,Prospect,Manufacturing
"Dunn, Oconnor and Bass",Customer,Healthcare
Smith-Rose,Customer,Healthcare
"Smith, Roberts and Steele",Customer,Retail
"Porter, Vega and Tanner",Prospect,Healthcare
"Keller, Leonard and Tyler",Prospect,Education
Morgan-Thomas,Customer,collection
"Lopez, Barnes and Ortega",Prospect,Energy
Sutton-Sawyer,Prospect,Retail
"Roberts, Barton and Rivera",Prospect,Transportation
Grant and Sons,Prospect,Retail
Clay-Wright,Prospect,Transportation
Burton-Kennedy,Prospect,Energy
Robertson LLC,Prospect,Transportation
"Hoffman, Alexander and Newton",Prospect,Retail
Wilson-Colon,Prospect,modern
"Mcdonald, Lee and Richardson",Customer,Retail
"Salazar, Villanueva and Stanley",Prospect,Manufacturing
Stevens-Adams,Customer,Education
"Harris, Miller and Weeks",Customer,Transportation
"Thompson, Mendez and Oliver",Prospect,Transportation
"Brown, Gross and Diaz",Prospect,Education
"Williamson, Howard and George",Prospect,Healthcare
"Elliott, Johnson and Wright",Customer,painting
Webb-Gilbert,Prospect,Transportation
King-Branch,Customer,Manufacturing
"Stewart, Moore and Brown",Prospect,Retail
"Moore, Clark and Roman",Customer,Healthcare
Walsh-Gomez,Customer,Retail
Oliver-Harris,Prospect,Healthcare
King PLC,Prospect,Retail
Tran-Bailey,Prospect,Technology
"Williams, Hayes and Torres",Prospect,Manufacturing
Nelson-Alvarez,Prospect,Healthcare
Bates PLC,Customer,Manufacturing
Richardson-Lynch,Prospect,quickly
"Cannon, Stafford and Prince",Customer,Energy
Zhang PLC,Customer,Energy
"Duffy, Jones and Diaz",Prospect,Healthcare
Sullivan-Haney,Customer,Education
Hobbs-Hart,Customer,Finance
Rice Ltd,Prospect,she
Burton-Harper,Prospect,Education
Mcfarland-Miller,Prospect,Technology
"Sanchez, Gonzalez and Hernandez",Customer,Manufacturing
Fox and Sons,Prospect,Education
Gilbert Ltd,Customer,Technology
"Lee, Boyd and Vargas",Prospect,Retail
Anderson and Sons,Customer,Retail
Tran Group,Prospect,Healthcare
"Gibson, Castaneda and Obrien",Customer,Education
"Best, Rodriguez and Phillips",Customer,Retail
"Davis, Mack and Hughes",Customer,Healthcare
"Hughes, Kelly and Thomas",Customer,Education
Chung Inc,Customer,Energy
Martin Group,Customer,Energy
"Harris, Flores and Evans",Customer,Transportation
Russell PLC,Prospect,Retail
"Smith, Powell and Martin",Prospect,Education
Williams PLC,Customer,Technology
Thompson Inc,Customer,number
Andrews-Williams,Prospect,Manufacturing
"Carr, Massey and Rogers",Prospect,Technology
Hurst-Howard,Prospect,Energy
"Adams, Hernandez and Gates",Customer,Energy
Moore and Sons,Customer,Energy
"Dennis, Smith and Rodriguez",Prospect,Education
"Medina, Patton and Carlson",Customer,Transportation
Miller-Anderson,Customer,Healthcare
"Torres, Hernandez and Riley",Prospect,Retail
"Robinson, Phillips and Matthews",Prospect,Technology
Rhodes-Henderson,Prospect,Healthcare
Perry PLC,Customer,Education
"Parker, Thompson and Romero",Prospect,Technology
"Hanson, Hernandez and Cook",Customer,Transportation
Henry-Brown,Customer,Retail
Kelley-Stewart,Prospect,Energy
Evans-James,Prospect,Energy
"Morris, Berger and Anderson",Customer,Technology
Johnson and Sons,Prospect,Manufacturing
Booth-Cook,Customer,Finance
"Austin, Burns and Bryan",Prospect,Retail
Gibbs-Santiago,Prospect,Manufacturing
"Bennett, Hutchinson and Romero",Customer,Technology
"Bradshaw, Washington and Jordan",Prospect,or
"Young, Garcia and Cox",Prospect,Technology
Lawrence PLC,Customer,Retail
Hoffman-Love,Prospect,Transportation
Henderson PLC,Prospect,Retail
Dawson Group,Prospect,Retail
"Barker, Snow and Ramirez",Prospect,Energy
"Sanders, Cruz and Hernandez",Prospect,Healthcare
West-Fry,Customer,Retail
Hughes-Vasquez,Customer,Retail
Wong Ltd,Prospect,Transportation
Johnston Group,Prospect,Education
"Sanford, Bolton and Le",Customer,Transportation
Riley Group,Customer,Transportation
"Johnson, Joseph and Richardson",Customer,Finance
"Galvan, Clarke and Richardson",Customer,Technology
Holmes-Miller,Customer,news
Cervantes and Sons,Customer,Energy
Powers PLC,Customer,Retail
"Schroeder, Wilson and Brewer",Prospect,Manufacturing
"Knapp, Kane and Wilson",Customer,Healthcare
Hoffman Group,Customer,Energy
"Martin, Guzman and Hughes",Prospect,Education
"Brown, Thompson and Suarez",Customer,Transportation
Payne Inc,Customer,Education
Stein PLC,Prospect,resource
Little LLC,Customer,book
"Herman, Farley and Cook",Customer,Finance
Taylor-Miller,Prospect,Manufacturing
Green-Potts,Customer,Manufacturing
Hardy-Perez,Prospect,Technology
"Nolan, Quinn and Williams",Prospect,Manufacturing
Houston LLC,Prospect,Healthcare
Reynolds Group,Customer,Healthcare
Young-Payne,Customer,Manufacturing
"Frey, Hawkins and Martinez",Prospect,Technology
"Cuevas, Brooks and Lindsey",Customer,Energy
King-Johnson,Prospect,Healthcare
Hamilton Group,Prospect,Transportation
"Pitts, Young and Lee",Customer,Energy
"Golden, Martinez and Green",Prospect,Finance
"Estrada, Wiley and Roman",Customer,Education
Moyer and Sons,Prospect,Manufacturing
Brown PLC,Customer,Finance
"Thompson, Nelson and Owens",Customer,Technology
"Collins, Williams and Roberts",Customer,Healthcare
"Rhodes, Norton and Erickson",Customer,Retail
Anderson-Petersen,Prospect,see
"Hall, Irwin and Craig",Customer,Education
Cruz-Wood,Prospect,Energy
Townsend and Sons,Customer,Retail
Navarro-Kim,Prospect,Healthcare
Pearson Inc,Customer,Energy
Erickson-Sharp,Customer,Manufacturing
Mendoza Ltd,Customer,Technology
Jacobs-Blackburn,Prospect,Technology
"Mccall, Webb and Horn",Prospect,Transportation
Sheppard Ltd,Prospect,Healthcare
"Wilson, Williams and Thompson",Customer,Retail
Walker-Bishop,Customer,Manufacturing
"Macdonald, Hicks and Welch",Prospect,Transportation
Gregory-Holden,Prospect,Healthcare
Neal LLC,Customer,Retail
"Reyes, Mcdonald and Shelton",Prospect,Healthcare
Petty Inc,Prospect,Retail
Hodges-Stevenson,Customer,Energy
George-Middleton,Prospect,Transportation
"Smith, Duran and Reid",Customer,Education
Lucas-Morales,Customer,Retail
"Johnson, Kelly and Washington",Customer,Manufacturing
Smith-Arias,Prospect,she
"Lopez, Wilson and Wright",Customer,Technology
Wallace-Berry,Customer,Healthcare
"Johnson, Young and Woods",Prospect,none
Dalton-Walker,Prospect,Retail
"Taylor, Lara and Weiss",Prospect,Retail
Duffy Ltd,Prospect,Technology
Cook LLC,Customer,Transportation
"Cooper, Atkins and Williams",Customer,card
"Hale, Hurley and Knight",Prospect,Technology
Edwards Group,Prospect,Manufacturing
Mcintyre LLC,Customer,Retail
"Harris, Bowers and Davis",Customer,Technology
Hart-Price,Customer,Transportation
Dunn-Baird,Prospect,Finance
"Scott, Haas and Ray",Prospect,Transportation
Cole-Young,Prospect,Manufacturing
Nelson Ltd,Customer,Healthcare
"Martinez, Lane and Daugherty",Customer,Education
Bailey-Wood,Prospect,Transportation
Perez LLC,Prospect,Transportation
Peters Group,Customer,Manufacturing
Farmer-Carr,Prospect,Transportation
Rodriguez PLC,Prospect,Energy
"Rhodes, Simmons and Gomez",Prospect,Healthcare
"Steele, Burns and Miller",Customer,Energy
"Taylor, Best and Ramirez",Customer,Energy
"Smith, Quinn and Turner",Prospect,Manufacturing
"Hancock, Kent and Collins",Prospect,series
"Hunter, Johnson and Phillips",Customer,Healthcare
"Robertson, Pineda and Vaughan",Prospect,Healthcare
Keller Inc,Customer,Education
"Glover, Marks and Torres",Prospect,Retail
"Little, Lee and Hubbard",Prospect,Technology
"Cohen, Alvarez and Richardson",Prospect,Finance
"Mcintosh, Brown and Jackson",Prospect,Retail
Griffin-Bennett,Customer,Technology
"Taylor, Nguyen and Klein",Customer,Education
"Terry, Johnson and Simmons",Customer,Retail
Monroe-Perez,Customer,Healthcare
"Rowland, Mckenzie and Thompson",Customer,Transportation
Cameron-Compton,Prospect,Finance
Chandler Ltd,Prospect,behind
Dunlap and Sons,Customer,Retail
"Cox, Walker and Lewis",Prospect,Finance
Jacobs Group,Customer,Manufacturing
Edwards-Bennett,Prospect,Healthcare
Barber-Frazier,Customer,Transportation
Mccarthy-Webster,Prospect,Retail
"Lopez, Smith and Huff",Prospect,Energy
Martinez-Jackson,Customer,Energy
Ponce Ltd,Customer,Retail
Nguyen Inc,Prospect,Transportation
"Benitez, Holmes and Baker",Customer,Healthcare
Webster and Sons,Prospect,Education
"Williams, Carter and Collins",Customer,Retail
Allen Inc,Prospect,Retail
Gonzalez-Williams,Prospect,Energy
"Odom, Davis and Brown",Customer,Healthcare
Edwards-Campbell,Customer,always
Barrett-Strong,Prospect,Manufacturing
"Kemp, Hoffman and Grant",Customer,Healthcare
Johnson-Davis,Prospect,Retail
Roberts-Lee,Prospect,Technology
Burns-Green,Prospect,Education
"Guerra, Little and Cervantes",Prospect,Retail
Oconnor Ltd,Customer,Healthcare
"Carroll, Scott and Curtis",Customer,Finance
"Martinez, Holmes and Mata",Prospect,Energy
Jones-Williams,Prospect,Education
Carroll-Romero,Prospect,Manufacturing
Foley-Huynh,Customer,director
Romero-Torres,Prospect,Education
Alvarez-Ramirez,Customer,Transportation
Ruiz Inc,Prospect,Manufacturing
"Williams, Abbott and Hurst",Customer,Manufacturing
"Cervantes, Hansen and Hoffman",Customer,Manufacturing
"Frederick, Johnson and Bush",Customer,Retail
"Ramos, Steele and Wilkinson",Customer,Technology
Stafford-Riley,Prospect,Transportation
Jimenez-Reynolds,Customer,Healthcare
Gibson and Sons,Customer,Energy
"Sullivan, Hendrix and Hill",Prospect,Education
"Fischer, Moore and Gutierrez",Customer,Finance
Hurley-Brown,Customer,Transportation
"Smith, Summers and Rosales",Customer,Energy
Hall-White,Customer,Healthcare
"Holt, Keith and Wu",Customer,Finance
"Carter, Andrade and Cisneros",Prospect,Healthcare
"Winters, Smith and Acosta",Customer,Technology
Mejia-Kelley,Prospect,Education
Lewis-Perry,Prospect,Retail
"Flowers, Perkins and Powell",Prospect,Manufacturing
Ortega Inc,Prospect,Manufacturing
Gray-Morrow,Prospect,Transportation
Williams-Horton,Prospect,Education
Owens Group,Prospect,Finance
House-Carr,Prospect,Healthcare
Berg PLC,Customer,Education
"Henderson, Smith and Walter",Prospect,Energy
"Santiago, Stewart and Patel",Customer,Transportation
"Leon, Anderson and Peterson",Prospect,Finance
Ross-Herrera,Prospect,Retail
Thompson-Montgomery,Prospect,Finance
Kim Inc,Customer,Retail
"Thompson, Johnson and Oconnor",Customer,Healthcare
"Johnson, Pittman and Baxter",Prospect,Retail
"Murphy, Shaw and Lewis",Customer,Transportation
Smith-Nixon,Prospect,Education
"Carpenter, Ortiz and Blackwell",Customer,Energy
Cooper Inc,Prospect,Finance
Bowers and Sons,Prospect,Retail
"Freeman, Carter and Hammond",Prospect,Manufacturing
"Hess, Franco and Monroe",Prospect,Energy
Smith-Boone,Prospect,Education
Ramirez Group,Customer,Transportation
Holt and Sons,Customer,Retail
Merritt and Sons,Customer,Finance
Potter LLC,Customer,Retail
"Ortega, Hicks and Montgomery",Customer,Retail
"Martinez, Jones and Montgomery",Customer,respond
Sutton-Preston,Customer,Education
Peterson-Walsh,Customer,Energy
Jackson-Hansen,Customer,eye
Williams-Elliott,Prospect,Retail
"Myers, Vasquez and Dean",Prospect,Technology
"Stafford, Anderson and Hensley",Prospect,Manufacturing
"Peterson, Martin and Williams",Prospect,Manufacturing
Robles-Cox,Customer,Finance
"Olsen, Roberts and Rose",Prospect,Retail
"Adams, Huber and Wright",Prospect,Energy
Ford and Sons,Prospect,Energy
"Daniels, Cortez and Bell",Prospect,Manufacturing
Santiago-Lopez,Customer,represent
"Gibson, Chambers and Sellers",Prospect,determine
"Ramirez, Smith and Bailey",Prospect,Manufacturing
Conley and Sons,Customer,Finance
Carter-Hall,Prospect,Finance
Fisher-Odonnell,Prospect,Transportation
Young LLC,Prospect,Finance
"Fleming, Banks and Day",Customer,Transportation
"Cunningham, Gonzalez and Hernandez",Customer,Energy
Williams-Obrien,Prospect,Education
Johnson-Johnson,Prospect,Energy
Butler-Fry,Prospect,Retail
Fowler LLC,Customer,Finance
Rush-Harris,Prospect,Technology
Howell LLC,Prospect,Energy
Cox Ltd,Prospect,Education
Nelson PLC,Prospect,Healthcare
Carlson-Kim,Prospect,Energy
Weeks-Schultz,Prospect,Education
"Navarro, Cruz and Martinez",Prospect,Education
Hall-Zamora,Customer,Energy
"Kirk, Yu and Wilkerson",Prospect,Education
Davidson-Baker,Customer,Technology
"Brown, Crosby and Watson",Customer,Finance
"Higgins, Robertson and Mcmahon",Customer,Technology
"Miller, Holloway and Nolan",Customer,Retail
Nixon-Lopez,Prospect,Technology
"Cole, Zavala and Jordan",Prospect,Healthcare
Crawford PLC,Customer,Transportation
Thompson Ltd,Prospect,Retail
"Murphy, James and Carson",Prospect,Finance
"Tran, Green and Durham",Customer,Retail
Mitchell and Sons,Prospect,Manufacturing
Raymond-Shaw,Customer,Healthcare
"Salinas, Anderson and Nichols",Customer,Education
"Turner, Jones and Edwards",Prospect,Manufacturing
"Briggs, Miller and Martinez",Prospect,Manufacturing
Small and Sons,Customer,Healthcare
"Simpson, Williams and Williamson",Prospect,Manufacturing
Willis Inc,Prospect,table
"Lopez, Gallegos and Hale",Prospect,Manufacturing
Mcpherson-Finley,Customer,Energy
Allen LLC,Customer,bar
"Edwards, Boyer and Rose",Prospect,Education
"Davis, Peterson and Ware",Customer,Retail
"Rios, Stephens and Kramer",Customer,Transportation
"Erickson, Carr and Macias",Customer,Transportation
"Smith, Garner and Clark",Customer,Healthcare
"Howell, Scott and Collier",Customer,Transportation
Ortiz-Harris,Prospect,Transportation
Lee-Cox,Customer,Finance
Sanchez Group,Prospect,Education
"Harris, Thomas and Oconnell",Customer,Finance
"Brown, Hancock and Boyer",Prospect,Healthcare
Hill-Fields,Prospect,Education
Mcclain-Gonzales,Customer,Education
Newton Group,Customer,Healthcare
"Garcia, Sanchez and Camacho",Customer,Healthcare
Mann-Barnes,Customer,Finance
"Reese, Logan and Thompson",Prospect,Retail
Sellers-Hoffman,Prospect,Transportation
"Gilbert, Moore and Knox",Customer,Manufacturing
Harris-Berry,Prospect,Education
"Burns, Underwood and Williams",Prospect,Retail
"Garrison, Johnson and Peck",Prospect,Healthcare
Norman Inc,Prospect,Transportation
Miller-Morgan,Prospect,Manufacturing
"Miller, Jackson and Franklin",Customer,Technology
Stewart-Johnson,Prospect,Technology
Nichols-Park,Prospect,Retail
Garrison LLC,Prospect,public
Fields-Hunt,Prospect,Healthcare
"Moses, Peterson and Torres",Customer,Healthcare
"Holt, Oconnor and Hernandez",Prospect,Retail
"Fletcher, Brown and Smith",Customer,Energy
"Velazquez, Crawford and Benton",Prospect,Healthcare
Campos-Blake,Prospect,Education
Duncan-Olsen,Prospect,Transportation
Watson-Deleon,Customer,Finance
Barton-Dean,Customer,Transportation
Nguyen-Robinson,Prospect,Transportation
Michael LLC,Prospect,Healthcare
Melton Ltd,Prospect,Transportation
"Elliott, Larson and Davila",Customer,Healthcare
Martinez LLC,Prospect,Retail
"Cohen, Wiggins and Palmer",Prospect,Finance
"Gould, Barber and Burns",Prospect,market
Fox-Flores,Prospect,Energy
May-Martinez,Customer,Finance
Gallagher-Young,Customer,Healthcare
Golden-Cabrera,Customer,Healthcare
Richards Ltd,Customer,Healthcare
Phillips Group,Prospect,Transportation
Roy-Tran,Customer,Energy
Moyer-Spears,Customer,Healthcare
"Cook, Barry and Whitaker",Prospect,Transportation
"Hawkins, Martinez and Davis",Prospect,off
Parker Inc,Customer,Finance
Martin-Lloyd,Customer,Education
"Gutierrez, Daniels and Stevens",Prospect,Technology
Gonzalez-Lloyd,Customer,Healthcare
Marshall-Robertson,Customer,Healthcare
"Lewis, Torres and King",Customer,Technology
"Smith, Martin and Brown",Customer,Energy
Watkins Ltd,Prospect,president
Carney-Boyd,Customer,Energy
Cain and Sons,Prospect,Manufacturing
"Little, Chen and Hughes",Customer,Finance
"Frey, Fitzgerald and Spears",Prospect,Retail
Baker-Gutierrez,Customer,Manufacturing
Palmer-Strong,Prospect,Healthcare
Mitchell Ltd,Prospect,Retail
"Tyler, Marshall and Garcia",Prospect,Technology
Shepherd-Watkins,Customer,Finance
Mckenzie-Clark,Prospect,Manufacturing
Clements-Freeman,Prospect,with
"Santana, Burns and Castro",Customer,Manufacturing
Taylor-Rivas,Customer,Manufacturing
Reyes-West,Customer,Transportation
Baldwin-Vaughn,Customer,Finance
Charles-Hardy,Prospect,Manufacturing
"Jones, Williams and Hudson",Customer,Transportation
Ochoa-Torres,Customer,Finance
Francis Inc,Prospect,Energy
"Melton, Garcia and Rogers",Customer,Manufacturing
Sanchez-Young,Prospect,Retail
Foley-Thompson,Prospect,Healthcare
Miller Ltd,Prospect,Education
Lopez-Ballard,Prospect,Healthcare
Johnson Group,Customer,Energy
Taylor-Thomas,Customer,Technology
Hicks-Parks,Prospect,response
"Carey, Frazier and Jones",Customer,Technology
Flores-Watson,Customer,Manufacturing
Cohen-Leonard,Customer,Technology
Richardson-Johnson,Customer,Technology
Long Group,Customer,Education
Wong Group,Customer,Healthcare
Davies PLC,Customer,Manufacturing
Henderson Inc,Customer,Transportation
Taylor-Bridges,Customer,Transportation
Williams-Ortega,Customer,Energy
Rollins-Gutierrez,Prospect,Education
Martinez PLC,Customer,Manufacturing
Thomas-Mcdowell,Prospect,Healthcare
Snyder and Sons,Prospect,Transportation
"Frye, Jimenez and Day",Customer,Technology
Walter-Campos,Prospect,Energy
Buchanan-Marshall,Prospect,Healthcare
Wilson and Sons,Customer,Manufacturing
Perez-Sullivan,Prospect,Transportation
Thompson Group,Customer,Healthcare
Jones-Sullivan,Customer,Finance
"Gutierrez, Davis and Hamilton",Prospect,Technology
Wilson-Jimenez,Prospect,Healthcare
Jacobs-Morgan,Prospect,Finance
Hart-Butler,Prospect,Manufacturing
Rodgers-Moran,Prospect,Transportation
Stanton Group,Prospect,Finance
Bennett-Kline,Prospect,Finance
"Parsons, Gay and Cooper",Customer,Education
Morton Group,Prospect,Retail
Barnes-Sanchez,Prospect,Healthcare
Chen LLC,Prospect,Manufacturing
Brooks LLC,Prospect,computer
Howard-Hodge,Customer,Technology
Torres-Paul,Customer,Education
"Christian, Mcbride and Tucker",Prospect,Manufacturing
Woods LLC,Prospect,part
"Rodriguez, Bernard and Allen",Customer,Education
"Valenzuela, Flores and Chavez",Prospect,Finance
"Wilson, Bowman and Harrison",Customer,Finance
Cooke-Flores,Prospect,Manufacturing
Shaffer Inc,Prospect,Transportation
"Matthews, Ramsey and Huff",Prospect,Technology
Warren-Marshall,Customer,Healthcare
"Wilcox, Chase and Austin",Prospect,Manufacturing
Ross-Bryant,Prospect,Transportation
Melton LLC,Prospect,Technology
Mitchell-Davila,Customer,Finance
"Wong, Taylor and Roberts",Customer,Finance
"King, West and Blankenship",Customer,Energy
"Melendez, White and Boyd",Customer,Energy
Johnson-Baker,Prospect,Manufacturing
"Buchanan, Grant and Bird",Customer,Manufacturing
"Hansen, Villarreal and Little",Customer,Finance
Lewis-Russell,Customer,Technology
Glover Group,Customer,Transportation
Watkins-Dougherty,Customer,Technology
Ewing-Buck,Prospect,Energy
"Robinson, Thornton and Norton",Customer,Technology
"Obrien, Gutierrez and Smith",Prospect,Manufacturing
Sims-Carpenter,Prospect,Transportation
Jennings Group,Prospect,Finance
"Wilson, Riley and Stewart",Customer,Manufacturing
Allen and Sons,Prospect,Finance
Murphy-Wong,Prospect,Finance
Hill PLC,Prospect,Healthcare
Hall-Hobbs,Customer,Education
Salinas-Peterson,Prospect,Education
"Moran, Gonzalez and French",Customer,Education
Jackson-Grant,Prospect,Retail
Russell-Williams,Prospect,Retail
Green-Swanson,Customer,Healthcare
Ross-Rogers,Customer,go
Hale-Stephens,Customer,Technology
West-Miller,Customer,Transportation
"Miller, Choi and Medina",Prospect,Energy
"Gonzalez, Jones and Franklin",Customer,Energy
Jackson Group,Prospect,Technology
Jenkins Ltd,Customer,Healthcare
Brown-Mahoney,Customer,Finance
Graham PLC,Prospect,Healthcare
Burgess Ltd,Prospect,Finance
Anderson Inc,Prospect,Finance
Brady-Contreras,Customer,Education
"Grant, Andrade and Dyer",Customer,Technology
Duran-Smith,Prospect,Transportation
"Vincent, Lee and Singleton",Customer,Manufacturing
"Mitchell, Weaver and Chambers",Prospect,Energy
"Walker, Hunt and David",Customer,Finance
"York, Russell and Ashley",Prospect,Healthcare
Alexander LLC,Prospect,Education
Olsen-Griffin,Customer,Technology
"Gray, Ewing and Molina",Customer,Education
Robertson-Hobbs,Customer,Energy
"Jones, Beck and Caldwell",Prospect,Finance
Nichols-Bennett,Customer,Healthcare
"Bell, Barajas and Douglas",Customer,Finance
Sullivan-Anderson,Prospect,Manufacturing
Meyer Ltd,Customer,Education
Lindsey Group,Customer,Finance
Patterson PLC,Customer,Energy
Lambert-Welch,Prospect,Manufacturing
Chang Inc,Customer,Transportation
Carney PLC,Customer,Manufacturing
Nelson LLC,Customer,Finance
"Chavez, Taylor and Bryant",Customer,Transportation
Lawrence-Bell,Prospect,Retail
Cross-Floyd,Prospect,Healthcare
Nelson and Sons,Prospect,Education
Bradshaw-Curtis,Customer,Education
Stewart LLC,Prospect,Manufacturing
"Huffman, Barrett and Rose",Customer,Manufacturing
"Beltran, Whitney and Taylor",Customer,Energy
"Hicks, Thompson and Anderson",Prospect,Transportation
"Fuentes, Douglas and Martinez",Prospect,Education
"Lopez, Williams and Mahoney",Customer,Healthcare
"Mccall, Miller and Smith",Prospect,Education
"Mccoy, Calhoun and Vazquez",Prospect,Education
Morrison-Espinoza,Prospect,Education
Torres-Schwartz,Customer,Healthcare
Dean Inc,Prospect,Transportation
"Dawson, Campbell and Moyer",Customer,Healthcare
Bush Group,Prospect,Manufacturing
Riley and Sons,Customer,Transportation
Morgan PLC,Customer,quickly
"Smith, White and Levy",Customer,Healthcare
"Ferrell, Brooks and Hayes",Customer,Retail
Alvarez and Sons,Customer,Education
Small-Johnson,Prospect,Finance
"Acosta, Lang and Powers",Customer,use
Woods-Soto,Prospect,Technology
"Walton, Logan and Johnson",Prospect,Healthcare
"Miller, Martinez and Roberts",Prospect,Retail
"Boyer, Rose and Pierce",Customer,Energy
Morales-Fletcher,Customer,Retail
"Hess, Barron and Jones",Prospect,Healthcare
Coleman-Mcdowell,Prospect,Transportation
Hamilton-Blevins,Prospect,Manufacturing
Moyer-Smith,Prospect,cost
"Burns, Reyes and Garza",Prospect,Energy
"Chapman, Anderson and Coffey",Customer,Healthcare
"Powell, Green and Perkins",Prospect,Energy
Dean-Decker,Customer,Retail
Weaver Ltd,Prospect,Finance
"Douglas, Coffey and Chen",Customer,Education
Kelly Inc,Prospect,Manufacturing
Pugh-Morris,Customer,Energy
Dominguez-Jenkins,Prospect,Retail
Gill Ltd,Prospect,Technology
Walker Ltd,Customer,Technology
"Phillips, Jordan and Lambert",Prospect,Retail
"Jackson, Simpson and Robinson",Prospect,Manufacturing
"Lamb, Chang and Simpson",Prospect,Retail
Castillo-Flynn,Customer,Transportation
Weber-Woodard,Customer,Energy
"Mckinney, Hubbard and Coleman",Customer,Transportation
Joseph-Perez,Prospect,Retail
Weaver Group,Prospect,Finance
"Simpson, Spencer and Roberts",Prospect,Healthcare
Adams-Schwartz,Customer,Technology
"Harrell, Lewis and Singh",Customer,Energy
Quinn-Dean,Customer,Education
Gordon-Ortiz,Prospect,Finance
Crawford-Fernandez,Customer,Healthcare
"Wood, King and White",Prospect,Energy
Willis LLC,Prospect,Technology
"Sparks, Santiago and Ramirez",Customer,agency
Obrien LLC,Prospect,Healthcare
Richardson PLC,Prospect,Technology
Frazier and Sons,Customer,Education
Miller-Boyer,Customer,Retail
"Pugh, Jacobs and Ramos",Customer,design
"Wilson, Bowman and Wilkins",Prospect,Manufacturing
Santos-Baker,Prospect,Finance
Smith-Webb,Prospect,Transportation
Cannon Inc,Customer,Energy
"Andrade, Meyer and Galvan",Prospect,Education
Gonzalez-Ayala,Customer,Manufacturing
Little Group,Customer,Retail
"Jenkins, King and Escobar",Customer,Transportation
Hart-Moore,Customer,Manufacturing
Salazar LLC,Prospect,Education
Wilson-Gutierrez,Customer,Healthcare
Craig-Stevenson,Prospect,Technology
"Green, Singleton and Hamilton",Customer,food
"Ware, Davis and Ritter",Prospect,you
Morris LLC,Customer,Retail
Floyd-Dean,Prospect,Technology
Myers-Hayes,Prospect,Finance
Foster Group,Prospect,Transportation
Ortiz Group,Customer,Finance
Watson-Ingram,Prospect,Finance
Weiss-Hill,Customer,Finance
Bailey PLC,Prospect,Energy
Obrien-Juarez,Prospect,Finance
"Meyer, Allen and Johnson",Prospect,Transportation
"Reid, Cruz and Miller",Customer,Transportation
Sullivan-Hill,Customer,Manufacturing
"Eaton, Barrera and Zimmerman",Prospect,Healthcare
"Bishop, Mason and Rodriguez",Prospect,Technology
"Matthews, Holloway and Ruiz",Customer,Technology
Scott Inc,Customer,Healthcare
Hahn-Hamilton,Customer,Manufacturing
Wallace LLC,Prospect,Transportation
"Nelson, Dickson and Becker",Customer,Manufacturing
Burns-Glass,Customer,Transportation
Morrison and Sons,Prospect,Healthcare
Hobbs PLC,Prospect,Technology
Jenkins-Farrell,Customer,Technology
Morris-Snow,Prospect,Finance
Figueroa-Turner,Customer,Education
"Aguilar, Lopez and Webb",Prospect,Manufacturing
Yates-Brown,Prospect,Retail
Rodriguez Inc,Prospect,assume
Rose Group,Customer,Finance
Carpenter-Anderson,Prospect,Energy
Fleming-Ward,Prospect,Transportation
Bailey-Johnston,Customer,Energy
Suarez Inc,Prospect,year
Flores-Carter,Customer,Transportation
Collins-Thomas,Customer,Technology
Ellis-Austin,Prospect,Technology
Thompson-Stevenson,Customer,Transportation
"Mcgee, Jones and Davis",Prospect,Technology
"Howard, Brooks and Mathews",Customer,Energy
Andrews-Davis,Customer,Manufacturing
"Graham, Stuart and Stuart",Customer,Transportation
Robertson-Myers,Customer,Energy
Reed-Delacruz,Customer,Technology
"Jones, Brown and Hampton",Prospect,Transportation
Booth-Duncan,Prospect,Healthcare
Castaneda PLC,Prospect,Healthcare
Marks PLC,Customer,Education
Perez-Baker,Customer,Finance
Hughes-Marshall,Customer,Technology
"Arroyo, Hill and Hudson",Prospect,Retail
Buchanan-Kramer,Prospect,Technology
"Calderon, Levine and Waters",Customer,Finance
Brooks and Sons,Prospect,Energy
Gonzalez LLC,Customer,statement
"Morgan, Pierce and Contreras",Prospect,Finance
Flowers-Haley,Prospect,Retail
White PLC,Customer,Energy
"Johnson, Barrera and Krause",Prospect,Energy
Dyer-Huff,Prospect,Healthcare
"Smith, Marquez and Estrada",Prospect,Energy
"Randall, Wood and Potter",Prospect,Retail
Williams-Cunningham,Prospect,Retail
Taylor-Guzman,Customer,Retail
"Perez, Flores and Malone",Customer,Manufacturing
Harris PLC,Customer,Healthcare
Cook-Richards,Customer,Finance
Shaffer Ltd,Prospect,Energy
Patterson-West,Prospect,Finance
Steele PLC,Customer,Energy
"Pierce, Thompson and Kane",Prospect,Retail
Becker-Merritt,Customer,Technology
Costa-Moore,Prospect,Healthcare
"Reynolds, Alvarez and Young",Prospect,Education
Ponce-Cantu,Prospect,Finance
Petty LLC,Customer,Healthcare
Rivera and Sons,Customer,Education
"Zimmerman, Castillo and Caldwell",Prospect,Healthcare
"Diaz, Howard and Rodgers",Customer,Manufacturing
Copeland-Powers,Customer,Education
Smith-Beck,Prospect,Energy
Harris-Lyons,Prospect,Manufacturing
Erickson Inc,Customer,Transportation
Kennedy Ltd,Prospect,Energy
"Haynes, Quinn and King",Prospect,Retail
Jones-Erickson,Customer,Technology
Dominguez-Wells,Customer,Transportation
Davenport-Ramirez,Prospect,Energy
"Sanchez, Young and Roberts",Prospect,Healthcare
"Sanchez, Butler and Parker",Customer,Education
Rhodes Ltd,Customer,mean
Curtis Group,Prospect,Manufacturing
Cook Ltd,Prospect,Healthcare
Durham Group,Prospect,Technology
Alvarez Inc,Customer,Education
"Castro, Murphy and Holland",Prospect,Retail
Donovan Ltd,Customer,Energy
Griffin LLC,Customer,Technology
Peterson LLC,Customer,Education
Odom Ltd,Prospect,Retail
"Kelly, White and Reynolds",Customer,Healthcare
Cortez LLC,Prospect,Education
Morgan-Martin,Prospect,Transportation
Williams Ltd,Customer,Manufacturing
Ramirez and Sons,Customer,Technology
Fernandez and Sons,Prospect,Transportation
"Reeves, Collins and Sampson",Prospect,Transportation
Anderson-Reeves,Customer,Education
"Robinson, Davidson and Gross",Customer,Energy
Martinez-Jones,Customer,Finance
Sanchez Ltd,Prospect,Education
"Sanchez, Gross and Cline",Customer,Retail
Mclean-Webb,Prospect,Energy
Richard-Martin,Prospect,Technology
Gray-Green,Customer,Technology
Larson-Oliver,Prospect,Technology
Wilson-Griffith,Prospect,Finance
Sosa-Padilla,Customer,Transportation
"Hawkins, Rubio and Lee",Prospect,Finance
"Allen, Carter and Lloyd",Prospect,place
Carlson-Thompson,Customer,Healthcare
"Murray, Blackburn and Gilbert",Prospect,Technology
Grant LLC,Customer,Healthcare
"Sherman, Zamora and Paul",Customer,Energy
Glenn and Sons,Customer,Education
Cannon-Reed,Customer,Transportation
Schwartz-Lopez,Prospect,Manufacturing
Hernandez-Nelson,Prospect,Transportation
Turner Inc,Customer,Healthcare
Riley-Beard,Customer,Education
Knight-Pierce,Customer,Transportation
Dunn Ltd,Prospect,Healthcare
Fernandez-Duncan,Prospect,Retail
"Wilson, Carroll and Mitchell",Prospect,Retail
"Caldwell, Cole and Washington",Customer,Manufacturing
Shelton-Rhodes,Customer,Finance
"Clark, Guerrero and Smith",Customer,Education
"Ross, Fry and Williams",Prospect,Manufacturing
Patel-Mora,Customer,Manufacturing
Lewis PLC,Prospect,Finance
Moore PLC,Customer,Retail
Gardner and Sons,Customer,Education
Castro-Rice,Customer,Education
Smith-Bentley,Customer,Finance
"Johnson, Olsen and Moore",Prospect,Manufacturing
Ramirez PLC,Customer,Technology
Reed-Brown,Customer,Finance
Moore-Porter,Prospect,Technology
Gordon Inc,Customer,Energy
Harding-Neal,Prospect,Retail
Oconnor-Ramsey,Prospect,may
Gomez LLC,Customer,Energy
Berry-Martin,Customer,Energy
Garza Ltd,Prospect,Retail
"White, Mendez and Cisneros",Customer,Manufacturing
"Harris, Watts and Lucas",Customer,Energy
Lindsey-Kim,Customer,Technology
"Fitzgerald, Berry and Cox",Prospect,Manufacturing
"Arroyo, Mcdonald and Henry",Prospect,Energy
Clay-Shannon,Customer,Manufacturing
"Gonzalez, Cunningham and Livingston",Customer,Healthcare
Rodriguez Ltd,Prospect,Healthcare
Bowen-Perez,Prospect,Healthcare
Lewis-Duran,Prospect,to
"Allen, Smith and Christensen",Prospect,Education
"Thomas, Johnson and Howell",Prospect,Education
James-Welch,Customer,Healthcare
Moore Ltd,Prospect,Finance
Wright and Sons,Customer,strong
Allen PLC,Customer,arrive
"Griffith, Hughes and Burns",Customer,Energy
Hopkins-Phillips,Customer,Manufacturing
Hines-Gonzales,Prospect,Transportation
"Campbell, Ramsey and Buck",Customer,Retail
Perry LLC,Customer,Technology
Walters-Freeman,Prospect,Transportation
Hall Ltd,Prospect,Healthcare
Foster-Deleon,Prospect,Retail
Banks-Johnson,Prospect,Transportation
Liu-Rice,Prospect,Healthcare
Hill-Dudley,Customer,Technology
Lee-Hunter,Customer,Education
Fisher-Lara,Prospect,Education
"Anderson, George and Jackson",Prospect,Technology
Wright-Lee,Prospect,Finance
Ballard Ltd,Prospect,Manufacturing
Maldonado-Mullins,Prospect,Manufacturing
"Byrd, Wyatt and Sanchez",Customer,Finance
Taylor-Juarez,Customer,Finance
"Shields, Gutierrez and Hull",Customer,Technology
Salazar-Carter,Customer,listen
Mcclure-Snyder,Customer,Education
Deleon-Jenkins,Customer,Education
Cunningham PLC,Prospect,Education
Stewart-Fields,Prospect,Finance
"Green, Kidd and Scott",Prospect,star
Stewart-Holland,Prospect,Transportation
Rodriguez-Williams,Customer,Finance
Kennedy and Sons,Prospect,Manufacturing
Hughes PLC,Customer,Transportation
Barr-Barton,Customer,Retail
"Soto, Lowe and Harmon",Customer,Technology
Morgan and Sons,Customer,Energy
"Garza, Robinson and Cooper",Customer,Finance
Bennett-Bailey,Customer,Transportation
"Phillips, Henderson and Edwards",Prospect,Retail
Lee-Arias,Customer,Finance
Torres-Carey,Customer,Energy
"Mcmahon, Ward and Boyer",Prospect,receive
"Johnson, Webster and Nelson",Prospect,Retail
"Graham, Hudson and Arias",Customer,Education
Gonzalez-Lewis,Customer,Manufacturing
"May, Gonzales and Hart",Prospect,majority
Holder Ltd,Customer,Technology
Lamb-Morrison,Prospect,Technology
Berry-Coleman,Customer,Manufacturing
"Bush, Davis and Gomez",Prospect,Manufacturing
Bennett Group,Prospect,Education
"Hess, Romero and Livingston",Customer,Education
"Ellis, Horn and Lopez",Prospect,Retail
"Mcgee, Lawrence and Lane",Prospect,Technology
"Perez, Griffin and Miller",Prospect,two
Yu-Hill,Customer,Healthcare
"Ray, Beck and Gonzalez",Prospect,Manufacturing
"Weeks, Patterson and Thomas",Prospect,Education
Williams-Guzman,Customer,Retail
"Chase, White and Lopez",Customer,Transportation
"Watkins, Black and Shaw",Prospect,Finance
Jones-Glenn,Prospect,Transportation
Garcia LLC,Prospect,Transportation
"Hendricks, Smith and Johnson",Customer,expert
"Smith, Garcia and Weber",Customer,Technology
Weaver-Marsh,Customer,Manufacturing
Jones-Whitehead,Prospect,Transportation
"Camacho, Thompson and Chang",Prospect,Manufacturing
Collins Inc,Customer,Retail
Soto-Pope,Customer,Energy
Walker-Jacobs,Customer,Energy
King Group,Customer,Technology
Frazier Inc,Customer,Healthcare
Gibson-Gould,Customer,Manufacturing
Stanley LLC,Prospect,Finance
Taylor-Anderson,Prospect,Transportation
Manning Group,Customer,Energy
"Lopez, Craig and Richardson",Customer,easy
Pena PLC,Customer,Transportation
Cherry Group,Prospect,Energy
Reynolds-Lambert,Customer,Manufacturing
Mendoza-Johnson,Prospect,Manufacturing
Kline Group,Prospect,Transportation
Pratt and Sons,Prospect,Finance
"Smith, Martin and Cook",Prospect,Healthcare
Robbins Ltd,Prospect,Technology
Carpenter-Parrish,Customer,Education
Maxwell-Carlson,Customer,Energy
Ford-Smith,Prospect,much
Jenkins Inc,Prospect,Energy
Smith Inc,Prospect,Technology
Petersen-Robinson,Customer,Finance
"Middleton, Walters and Jensen",Prospect,Transportation
Lawrence-Banks,Customer,Finance
"Johnson, Edwards and Powell",Prospect,Manufacturing
"Carey, Sanders and Patton",Customer,Technology
Moore-Cisneros,Prospect,Finance
"Campos, Patton and Willis",Prospect,Energy
"Cox, Smith and Guerrero",Customer,Energy
Moreno-Wade,Customer,Energy
Faulkner Ltd,Customer,Technology
"Mckee, Kelly and Castaneda",Customer,Education
Hale-Brown,Prospect,Healthcare
Dyer-Friedman,Prospect,Manufacturing
